-- OM 2021.02.17
-- FICHIER MYSQL POUR FAIRE FONCTIONNER LES EXEMPLES
-- DE REQUETES MYSQL
-- Database: MACCAUD_OLIVIER_INFO1X_FILMS_164_2023

-- Destruction de la BD si elle existe.
-- Pour être certain d'avoir la dernière version des données

DROP DATABASE IF EXISTS DELESCAUT_MAUDELIN_INFO1C_UMBRELLA_164_2024;

-- Création d'un nouvelle base de donnée

CREATE DATABASE IF NOT EXISTS DELESCAUT_MAUDELIN_INFO1C_UMBRELLA_164_2024;

-- Utilisation de cette base de donnée

USE DELESCAUT_MAUDELIN_INFO1C_UMBRELLA_164_2024;
-- --------------------------------------------------------

--
-- Table structure for table `t_activity`
--

DROP TABLE IF EXISTS `t_activity`;
/*!40101 SET @saved_cs_client     = @@character_set_client */;
/*!50503 SET character_set_client = utf8mb4 */;
CREATE TABLE `t_activity` (
  `activity_id` int NOT NULL AUTO_INCREMENT,
  `name_activity` varchar(30) NOT NULL,
  PRIMARY KEY (`activity_id`),
  UNIQUE KEY `name_activity` (`name_activity`)
) ENGINE=InnoDB AUTO_INCREMENT=43 DEFAULT CHARSET=utf8mb4 COLLATE=utf8mb4_0900_ai_ci;
/*!40101 SET character_set_client = @saved_cs_client */;

--
-- Dumping data for table `t_activity`
--

LOCK TABLES `t_activity` WRITE;
/*!40000 ALTER TABLE `t_activity` DISABLE KEYS */;
INSERT INTO `t_activity` VALUES (1,'Badminton'),(2,'Basketball'),(3,'Bowling'),(4,'Cinéma'),(5,'Course à pied'),(6,'Cyclisme'),(7,'Equitation'),(8,'Escalade'),(9,'Escape Game'),(10,'Football'),(11,'Hockey sur glace'),(12,'Laser Game'),(13,'Mini-Golf'),(14,'Musée'),(15,'Natation'),(16,'Paint-Ball'),(17,'Parcours'),(18,'Patinage'),(19,'Peau de Phoque'),(20,'Pedalo'),(22,'Pétanque'),(42,'Piscine-ext'),(21,'Planche à voile'),(23,'Rafting'),(24,'Randonnée'),(25,'Rugby'),(26,'Saut à l’ élastique'),(27,'Ski'),(28,'Ski de fond'),(29,'Ski nautique'),(30,'Snow'),(31,'Squash'),(32,'Stande de tir'),(33,'Surf'),(34,'Tennis'),(35,'Tennis de table'),(36,'Tir à l’arc'),(37,'Tour Hélicoptère'),(38,'Trampoline'),(39,'Uni-Hockey'),(40,'Volley'),(41,'VTT');
/*!40000 ALTER TABLE `t_activity` ENABLE KEYS */;
UNLOCK TABLES;



--
-- Table structure for table `t_environ`
--

DROP TABLE IF EXISTS `t_environ`;
/*!40101 SET @saved_cs_client     = @@character_set_client */;
/*!50503 SET character_set_client = utf8mb4 */;
CREATE TABLE `t_environ` (
  `environ_id` int NOT NULL AUTO_INCREMENT,
  `environ_name` varchar(30) NOT NULL,
  PRIMARY KEY (`environ_id`),
  UNIQUE KEY `environ_name` (`environ_name`)
) ENGINE=InnoDB AUTO_INCREMENT=3 DEFAULT CHARSET=utf8mb4 COLLATE=utf8mb4_0900_ai_ci;
/*!40101 SET character_set_client = @saved_cs_client */;

--
-- Table structure for table `t_environ`
--

DROP TABLE IF EXISTS `t_weather`;
/*!40101 SET @saved_cs_client     = @@character_set_client */;
/*!50503 SET character_set_client = utf8mb4 */;
CREATE TABLE `t_weather` (
  `weather_id` int NOT NULL AUTO_INCREMENT,
  `name_weather` varchar(30) NOT NULL,
  PRIMARY KEY (`weather_id`),
  UNIQUE KEY `name_weather` (`name_weather`)
) ENGINE=InnoDB AUTO_INCREMENT=6 DEFAULT CHARSET=utf8mb4 COLLATE=utf8mb4_0900_ai_ci;
/*!40101 SET character_set_client = @saved_cs_client */;

--
-- Dumping data for table `t_environ`
--

LOCK TABLES `t_environ` WRITE;
/*!40000 ALTER TABLE `t_environ` DISABLE KEYS */;
INSERT INTO `t_environ` VALUES (1,'inside'),(2,'outside');
/*!40000 ALTER TABLE `t_environ` ENABLE KEYS */;
UNLOCK TABLES;

--
-- Table structure for table `t_season`
--

DROP TABLE IF EXISTS `t_season`;
/*!40101 SET @saved_cs_client     = @@character_set_client */;
/*!50503 SET character_set_client = utf8mb4 */;
CREATE TABLE `t_season` (
  `season_id` int NOT NULL AUTO_INCREMENT,
  `season_name` varchar(30) NOT NULL,
  PRIMARY KEY (`season_id`),
  UNIQUE KEY `season_name` (`season_name`)
) ENGINE=InnoDB AUTO_INCREMENT=5 DEFAULT CHARSET=utf8mb4 COLLATE=utf8mb4_0900_ai_ci;
/*!40101 SET character_set_client = @saved_cs_client */;

--
-- Dumping data for table `t_season`
--

LOCK TABLES `t_season` WRITE;
/*!40000 ALTER TABLE `t_season` DISABLE KEYS */;
INSERT INTO `t_season` VALUES (1,'Autumn'),(3,'Spring'),(2,'Summer'),(4,'Winter');
/*!40000 ALTER TABLE `t_season` ENABLE KEYS */;
UNLOCK TABLES;

--
-- Table structure for table `t_temperature`
--

DROP TABLE IF EXISTS `t_temperature`;
/*!40101 SET @saved_cs_client     = @@character_set_client */;
/*!50503 SET character_set_client = utf8mb4 */;
CREATE TABLE `t_temperature` (
  `temp_id` int NOT NULL AUTO_INCREMENT,
  `temp_name` varchar(30) NOT NULL,
  PRIMARY KEY (`temp_id`),
  UNIQUE KEY `temp_name` (`temp_name`)
) ENGINE=InnoDB AUTO_INCREMENT=4 DEFAULT CHARSET=utf8mb4 COLLATE=utf8mb4_0900_ai_ci;
/*!40101 SET character_set_client = @saved_cs_client */;

--
-- Dumping data for table `t_temperature`
--

LOCK TABLES `t_temperature` WRITE;
/*!40000 ALTER TABLE `t_temperature` DISABLE KEYS */;
INSERT INTO `t_temperature` VALUES (2,'Cold'),(1,'Hot'),(3,'Medium'),(4,'mi'),(5,'demi'),(6,'frisquet');
/*!40000 ALTER TABLE `t_temperature` ENABLE KEYS */;
UNLOCK TABLES;


--
-- Dumping data for table `t_weather`
--

LOCK TABLES `t_weather` WRITE;
/*!40000 ALTER TABLE `t_weather` DISABLE KEYS */;
INSERT INTO `t_weather` VALUES (2,'Enneigé'),(5,'Ensoleillée'),(3,'Nuageux'),(1,'Orageux'),(4,'Pluvieux'),(6,'tetetet'),(7,'sssss');
/*!40000 ALTER TABLE `t_weather` ENABLE KEYS */;
UNLOCK TABLES;


--
-- Table structure for table `t_activity_environ`
--

DROP TABLE IF EXISTS `t_activity_environ`;
/*!40101 SET @saved_cs_client     = @@character_set_client */;
/*!50503 SET character_set_client = utf8mb4 */;
CREATE TABLE `t_activity_environ` (
  `activity_environ_id` int NOT NULL AUTO_INCREMENT,
  `fk_environ` int NOT NULL,
  `fk_activity` int NOT NULL,
  PRIMARY KEY (`activity_environ_id`),
  KEY `fk_environ` (`fk_environ`),
  KEY `fk_activity` (`fk_activity`),
  CONSTRAINT `t_activity_environ_ibfk_1` FOREIGN KEY (`fk_environ`) REFERENCES `t_environ` (`environ_id`),
  CONSTRAINT `t_activity_environ_ibfk_2` FOREIGN KEY (`fk_activity`) REFERENCES `t_activity` (`activity_id`)
) ENGINE=InnoDB AUTO_INCREMENT=43 DEFAULT CHARSET=utf8mb4 COLLATE=utf8mb4_0900_ai_ci;
/*!40101 SET character_set_client = @saved_cs_client */;

--
-- Dumping data for table `t_activity_environ`
--

LOCK TABLES `t_activity_environ` WRITE;
/*!40000 ALTER TABLE `t_activity_environ` DISABLE KEYS */;
INSERT INTO `t_activity_environ` VALUES (1,1,1),(2,2,1),(3,2,2),(4,1,3),(5,1,4),(6,2,5),(7,2,6),(8,2,7),(9,1,8),(10,2,8),(11,1,9),(12,2,10),(13,1,11),(14,1,12),(15,2,13),(16,1,14),(17,1,15),(18,1,16),(19,2,17),(20,1,18),(21,2,19),(22,2,20),(23,2,21),(24,2,23),(25,2,24),(26,2,25),(27,2,26),(28,2,27),(29,2,28),(30,2,29),(31,2,30),(32,2,31),(33,1,32),(34,1,33),(35,2,34),(36,2,35),(37,2,36),(38,2,37),(39,2,38),(40,1,39),(41,2,41),(42,2,42);
/*!40000 ALTER TABLE `t_activity_environ` ENABLE KEYS */;
UNLOCK TABLES;

--
-- Table structure for table `t_activity_season`
--

DROP TABLE IF EXISTS `t_activity_season`;
/*!40101 SET @saved_cs_client     = @@character_set_client */;
/*!50503 SET character_set_client = utf8mb4 */;
CREATE TABLE `t_activity_season` (
  `activity_season_id` int NOT NULL AUTO_INCREMENT,
  `fk_season` int NOT NULL,
  `fk_activity` int NOT NULL,
  PRIMARY KEY (`activity_season_id`),
  KEY `fk_season` (`fk_season`),
  KEY `fk_activity` (`fk_activity`),
  CONSTRAINT `t_activity_season_ibfk_1` FOREIGN KEY (`fk_season`) REFERENCES `t_season` (`season_id`),
  CONSTRAINT `t_activity_season_ibfk_2` FOREIGN KEY (`fk_activity`) REFERENCES `t_activity` (`activity_id`)
) ENGINE=InnoDB AUTO_INCREMENT=113 DEFAULT CHARSET=utf8mb4 COLLATE=utf8mb4_0900_ai_ci;
/*!40101 SET character_set_client = @saved_cs_client */;

--
-- Dumping data for table `t_activity_season`
--

LOCK TABLES `t_activity_season` WRITE;
/*!40000 ALTER TABLE `t_activity_season` DISABLE KEYS */;
INSERT INTO `t_activity_season` VALUES (1,1,1),(2,2,1),(3,3,1),(4,4,1),(5,1,2),(6,3,2),(7,1,3),(8,2,3),(9,3,3),(10,4,3),(11,1,4),(12,2,4),(13,3,4),(14,4,4),(15,1,5),(16,2,5),(17,3,5),(18,4,5),(19,1,6),(20,2,6),(21,3,6),(22,1,7),(23,2,7),(24,3,7),(25,1,8),(26,2,8),(27,3,8),(28,1,9),(29,2,9),(30,3,9),(31,4,9),(32,1,10),(33,2,10),(34,3,10),(35,4,11),(36,1,12),(37,2,12),(38,3,12),(39,4,12),(40,1,13),(41,2,13),(42,3,13),(43,1,14),(44,2,14),(45,3,14),(46,4,14),(47,1,15),(48,2,15),(49,3,15),(50,4,15),(51,1,16),(52,2,16),(53,3,16),(54,1,17),(55,2,17),(56,3,17),(57,4,18),(58,4,19),(59,1,20),(60,2,20),(61,2,21),(62,3,21),(63,1,23),(64,2,23),(65,3,23),(66,1,24),(67,2,24),(68,1,25),(69,2,25),(70,3,25),(71,4,25),(72,2,26),(73,3,26),(74,1,27),(75,2,27),(76,3,27),(77,4,28),(78,4,29),(79,2,30),(80,3,30),(81,4,31),(82,1,32),(83,2,32),(84,3,32),(85,4,32),(86,1,33),(87,2,33),(88,3,33),(89,4,33),(90,2,34),(91,1,35),(92,2,35),(93,3,35),(94,1,36),(95,2,36),(96,3,36),(97,1,37),(98,2,37),(99,3,37),(100,1,38),(101,2,38),(102,3,38),(103,1,39),(104,2,39),(105,3,39),(106,4,39),(107,1,41),(108,2,41),(109,3,41),(110,1,42),(111,2,42),(112,3,42);
/*!40000 ALTER TABLE `t_activity_season` ENABLE KEYS */;
UNLOCK TABLES;

--
-- Table structure for table `t_activity_temperature`
--

DROP TABLE IF EXISTS `t_activity_temperature`;
/*!40101 SET @saved_cs_client     = @@character_set_client */;
/*!50503 SET character_set_client = utf8mb4 */;
CREATE TABLE `t_activity_temperature` (
  `activity_temperature_id` int NOT NULL AUTO_INCREMENT,
  `fk_temp` int NOT NULL,
  `fk_activity` int NOT NULL,
  PRIMARY KEY (`activity_temperature_id`),
  KEY `fk_temp` (`fk_temp`),
  KEY `fk_activity` (`fk_activity`),
  CONSTRAINT `t_activity_temperature_ibfk_1` FOREIGN KEY (`fk_temp`) REFERENCES `t_temperature` (`temp_id`),
  CONSTRAINT `t_activity_temperature_ibfk_2` FOREIGN KEY (`fk_activity`) REFERENCES `t_activity` (`activity_id`)
) ENGINE=InnoDB AUTO_INCREMENT=65 DEFAULT CHARSET=utf8mb4 COLLATE=utf8mb4_0900_ai_ci;
/*!40101 SET character_set_client = @saved_cs_client */;

--
-- Dumping data for table `t_activity_temperature`
--

LOCK TABLES `t_activity_temperature` WRITE;
/*!40000 ALTER TABLE `t_activity_temperature` DISABLE KEYS */;
INSERT INTO `t_activity_temperature` VALUES (1,3,1),(2,3,2),(3,3,3),(4,3,4),(5,2,4),(6,3,5),(7,3,6),(8,3,7),(9,3,8),(10,3,9),(11,2,9),(12,3,10),(13,2,11),(14,3,12),(15,2,12),(16,3,13),(17,3,14),(18,2,14),(19,3,15),(20,2,15),(21,3,16),(22,2,16),(23,3,17),(24,2,18),(25,2,19),(26,1,20),(27,3,20),(28,1,21),(29,3,21),(30,1,23),(31,3,23),(32,1,24),(33,3,24),(34,1,25),(35,3,25),(36,2,25),(37,1,27),(38,3,27),(39,2,28),(40,3,28),(41,2,29),(42,3,29),(43,1,30),(44,3,30),(45,2,31),(46,3,31),(47,2,32),(48,3,32),(49,2,33),(50,3,33),(51,1,34),(52,1,35),(53,3,35),(54,1,36),(55,3,36),(56,1,37),(57,3,37),(58,1,38),(59,2,39),(60,3,39),(61,1,41),(62,3,41),(63,1,42),(64,3,42);
/*!40000 ALTER TABLE `t_activity_temperature` ENABLE KEYS */;
UNLOCK TABLES;

--
-- Table structure for table `t_activity_weather`
--

DROP TABLE IF EXISTS `t_activity_weather`;
/*!40101 SET @saved_cs_client     = @@character_set_client */;
/*!50503 SET character_set_client = utf8mb4 */;
CREATE TABLE `t_activity_weather` (
  `activity_weather_id` int NOT NULL AUTO_INCREMENT,
  `fk_weather` int NOT NULL,
  `fk_activity` int NOT NULL,
  `score` int NOT NULL,
  PRIMARY KEY (`activity_weather_id`),
  KEY `fk_weather` (`fk_weather`),
  KEY `fk_activity` (`fk_activity`),
  CONSTRAINT `t_activity_weather_ibfk_1` FOREIGN KEY (`fk_weather`) REFERENCES `t_weather` (`weather_id`),
  CONSTRAINT `t_activity_weather_ibfk_2` FOREIGN KEY (`fk_activity`) REFERENCES `t_activity` (`activity_id`)
) ENGINE=InnoDB AUTO_INCREMENT=200 DEFAULT CHARSET=utf8mb4 COLLATE=utf8mb4_0900_ai_ci;
/*!40101 SET character_set_client = @saved_cs_client */;


--
-- Dumping data for table `t_activity_weather`
--

LOCK TABLES `t_activity_weather` WRITE;
/*!40000 ALTER TABLE `t_activity_weather` DISABLE KEYS */;
INSERT INTO `t_activity_weather` VALUES (1,1,1,5),(2,2,1,5),(3,3,1,5),(4,4,1,5),(5,5,1,1),(6,1,2,1),(7,2,2,1),(8,3,2,2),(9,4,2,1),(10,5,2,5),(11,1,3,5),(12,2,3,5),(13,3,3,4),(14,4,3,4),(15,5,3,1),(16,1,4,5),(17,2,4,5),(18,3,4,5),(19,4,4,5),(20,5,4,1),(21,1,5,1),(22,2,5,2),(23,3,5,3),(24,4,5,1),(25,5,5,5),(26,1,6,1),(27,2,6,1),(28,3,6,3),(29,4,6,2),(30,5,6,5),(31,1,7,1),(32,2,7,1),(33,3,7,2),(34,4,7,2),(35,5,7,5),(36,1,8,1),(37,2,8,1),(38,3,8,1),(39,4,8,4),(40,5,8,5),(41,1,9,5),(42,2,9,5),(43,3,9,5),(44,4,9,5),(45,5,9,1),(46,1,10,5),(47,2,10,1),(48,3,10,3),(49,4,10,2),(50,5,10,5),(51,1,11,5),(52,2,11,5),(53,3,11,5),(54,4,11,5),(55,5,11,3),(56,1,12,5),(57,2,12,5),(58,3,12,5),(59,4,12,5),(60,5,12,1),(61,1,13,1),(62,2,13,1),(63,3,13,2),(64,4,13,1),(65,5,13,5),(66,1,14,5),(67,2,14,5),(68,3,14,5),(69,4,14,5),(70,5,14,1),(71,1,15,5),(72,2,15,5),(73,3,15,5),(74,5,15,2),(75,1,16,1),(76,2,16,1),(77,3,16,2),(78,4,16,1),(79,5,16,5),(80,1,17,1),(81,2,17,1),(82,3,17,3),(83,4,17,1),(84,5,17,5),(85,1,18,5),(86,2,18,5),(87,3,18,5),(88,4,18,5),(89,5,18,2),(90,1,19,1),(91,2,19,5),(92,3,19,1),(93,4,19,1),(94,5,19,5),(95,1,20,1),(96,2,20,1),(97,3,20,2),(98,4,20,1),(99,5,20,5),(100,1,21,1),(101,2,21,1),(102,3,21,1),(103,4,21,1),(104,5,21,5),(105,1,23,1),(106,2,23,1),(107,3,23,2),(108,4,23,1),(109,5,23,5),(110,1,24,1),(111,2,24,1),(112,3,24,2),(113,4,24,2),(114,5,24,5),(115,1,25,1),(116,2,25,3),(117,3,25,3),(118,4,25,3),(119,5,25,5),(120,1,26,1),(121,2,26,1),(122,3,26,2),(123,4,26,1),(124,5,26,5),(125,1,27,1),(126,2,27,1),(127,3,27,1),(128,4,27,1),(129,5,27,5),(130,1,28,1),(131,2,28,2),(132,3,28,3),(133,4,28,1),(134,5,28,5),(135,1,29,1),(136,2,29,2),(137,3,29,3),(138,4,29,1),(139,5,29,5),(140,1,30,1),(141,2,30,1),(142,3,30,2),(143,4,30,1),(144,5,30,5),(145,1,31,1),(146,2,31,2),(147,3,31,3),(148,4,31,1),(149,5,31,5),(150,1,32,5),(151,2,32,5),(152,3,32,5),(153,4,32,5),(154,5,32,1),(155,1,33,5),(156,2,33,5),(157,3,33,5),(158,4,33,5),(159,5,33,1),(160,1,34,1),(161,2,34,1),(162,3,34,1),(163,4,34,1),(164,5,34,5),(165,1,35,1),(166,2,35,1),(167,3,35,2),(168,4,35,1),(169,5,35,5),(170,1,36,1),(171,2,36,1),(172,3,36,3),(173,4,36,1),(174,5,36,5),(175,1,37,1),(176,2,37,1),(177,3,37,2),(178,4,37,1),(179,5,37,5),(180,1,38,1),(181,2,38,1),(182,3,38,3),(183,4,38,1),(184,5,38,5),(185,1,39,5),(186,2,39,5),(187,3,39,5),(188,4,39,5),(189,5,39,1),(190,1,41,1),(191,2,41,1),(192,3,41,2),(193,4,41,1),(194,5,41,5),(195,1,42,1),(196,2,42,1),(197,3,42,3),(198,4,42,1),(199,5,42,5);
/*!40000 ALTER TABLE `t_activity_weather` ENABLE KEYS */;
UNLOCK TABLES;


